1	/grammar_points/%E3%81%82%E3%81%92%E3%82%8B?deck_id=1	001-%E3%81%82%E3%81%92%E3%82%8B.html
2	/grammar_points/%E3%81%82%E3%81%9D%E3%81%93?deck_id=1	002-%E3%81%82%E3%81%9D%E3%81%93.html
3	/grammar_points/%E3%81%82%E3%81%AE?deck_id=1	003-%E3%81%82%E3%81%AE.html
4	/grammar_points/%E3%81%82%E3%82%8C?deck_id=1	004-%E3%81%82%E3%82%8C.html
5	/grammar_points/%E3%81%84%E3%81%84?deck_id=1	005-%E3%81%84%E3%81%84.html
6	/grammar_points/%E3%81%84-Adjective-%E3%81%8F%E3%81%AA%E3%81%8B%E3%81%A3%E3%81%9F?deck_id=1	006-%E3%81%84-Adjective-%E3%81%8F%E3%81%AA%E3%81%8B%E3%81%A3%E3%81%9F.html
7	/grammar_points/%E3%81%84-adjective-noun?deck_id=1	007-%E3%81%84-adjective-noun.html
8	/grammar_points/%E3%81%84-adjective-predicate?deck_id=1	008-%E3%81%84-adjective-predicate.html
9	/grammar_points/%E3%81%84-adjectives?deck_id=1	009-%E3%81%84-adjectives.html
10	/grammar_points/%E3%81%86-Verbs?deck_id=1	010-%E3%81%86-Verbs.html
11	/grammar_points/%E3%81%86-verb-neg-past?deck_id=1	011-%E3%81%86-verb-neg-past.html
12	/grammar_points/%E3%81%86-verb-past?deck_id=1	012-%E3%81%86-verb-past.html
13	/grammar_points/%E3%81%86verb--%E3%81%AA%E3%81%84?deck_id=1	013-%E3%81%86verb--%E3%81%AA%E3%81%84.html
14	/grammar_points/%E3%81%8B%E3%82%89-because?deck_id=1	014-%E3%81%8B%E3%82%89-because.html
15	/grammar_points/%E3%81%8B%E3%82%89?deck_id=1	015-%E3%81%8B%E3%82%89.html
16	/grammar_points/%E3%81%8B-or?deck_id=1	016-%E3%81%8B-or.html
17	/grammar_points/%E3%81%8B?deck_id=1	017-%E3%81%8B.html
18	/grammar_points/%E3%81%8C%E3%81%82%E3%82%8B-noun?deck_id=1	018-%E3%81%8C%E3%81%82%E3%82%8B-noun.html
19	/grammar_points/%E3%81%8C%E3%81%82%E3%82%8B?deck_id=1	019-%E3%81%8C%E3%81%82%E3%82%8B.html
20	/grammar_points/%E3%81%8C%E3%81%84%E3%82%8B?deck_id=1	020-%E3%81%8C%E3%81%84%E3%82%8B.html
21	/grammar_points/%E3%81%8C-but?deck_id=1	021-%E3%81%8C-but.html
22	/grammar_points/%E3%81%8C?deck_id=1	022-%E3%81%8C.html
23	/grammar_points/%E3%81%8D%E3%82%89%E3%81%84?deck_id=1	023-%E3%81%8D%E3%82%89%E3%81%84.html
24	/grammar_points/%E3%81%8F%E3%82%89%E3%81%841?deck_id=1	024-%E3%81%8F%E3%82%89%E3%81%841.html
25	/grammar_points/%E3%81%8F%E3%82%8B?deck_id=1	025-%E3%81%8F%E3%82%8B.html
26	/grammar_points/%E3%81%8F%E3%82%8C%E3%82%8B?deck_id=1	026-%E3%81%8F%E3%82%8C%E3%82%8B.html
27	/grammar_points/%E3%81%91%E3%81%A3%E3%81%93%E3%81%86?deck_id=1	027-%E3%81%91%E3%81%A3%E3%81%93%E3%81%86.html
28	/grammar_points/%E3%81%91%E3%81%A9-%E3%81%A0%E3%81%91%E3%81%A9?deck_id=1	028-%E3%81%91%E3%81%A9-%E3%81%A0%E3%81%91%E3%81%A9.html
29	/grammar_points/%E3%81%91%E3%82%8C%E3%81%A9%E3%82%82?deck_id=1	029-%E3%81%91%E3%82%8C%E3%81%A9%E3%82%82.html
30	/grammar_points/%E3%81%93%E3%81%93?deck_id=1	030-%E3%81%93%E3%81%93.html
31	/grammar_points/%E3%81%93%E3%81%AE?deck_id=1	031-%E3%81%93%E3%81%AE.html
32	/grammar_points/%E3%81%93%E3%82%8C?deck_id=1	032-%E3%81%93%E3%82%8C.html
33	/grammar_points/%E3%81%98%E3%82%83%E3%81%AA%E3%81%84?deck_id=1	033-%E3%81%98%E3%82%83%E3%81%AA%E3%81%84.html
34	/grammar_points/%E3%81%98%E3%82%83%E3%81%AA%E3%81%8B%E3%81%A3%E3%81%9F?deck_id=1	034-%E3%81%98%E3%82%83%E3%81%AA%E3%81%8B%E3%81%A3%E3%81%9F.html
35	/grammar_points/%E3%81%99%E3%81%8D?deck_id=1	035-%E3%81%99%E3%81%8D.html
36	/grammar_points/%E3%81%99%E3%81%8E%E3%82%8B?deck_id=1	036-%E3%81%99%E3%81%8E%E3%82%8B.html
37	/grammar_points/%E3%81%99%E3%82%8B?deck_id=1	037-%E3%81%99%E3%82%8B.html
38	/grammar_points/%E3%81%9D%E3%81%93?deck_id=1	038-%E3%81%9D%E3%81%93.html
39	/grammar_points/%E3%81%9D%E3%81%AE?deck_id=1	039-%E3%81%9D%E3%81%AE.html
40	/grammar_points/%E3%81%9D%E3%82%8C?deck_id=1	040-%E3%81%9D%E3%82%8C.html
41	/grammar_points/%E3%81%9F%E3%81%84?deck_id=1	041-%E3%81%9F%E3%81%84.html
42	/grammar_points/%E3%81%9F%E3%81%8F%E3%81%95%E3%82%93?deck_id=1	042-%E3%81%9F%E3%81%8F%E3%81%95%E3%82%93.html
43	/grammar_points/%E3%81%9F%E3%81%93%E3%81%A8%E3%81%8C%E3%81%82%E3%82%8B?deck_id=1	043-%E3%81%9F%E3%81%93%E3%81%A8%E3%81%8C%E3%81%82%E3%82%8B.html
44	/grammar_points/%E3%81%9F%E3%81%BB%E3%81%86%E3%81%8C%E3%81%84%E3%81%84?deck_id=1	044-%E3%81%9F%E3%81%BB%E3%81%86%E3%81%8C%E3%81%84%E3%81%84.html
45	/grammar_points/%E3%81%9F%E3%82%8A-%E3%81%9F%E3%82%8A%E3%81%99%E3%82%8B?deck_id=1	045-%E3%81%9F%E3%82%8A-%E3%81%9F%E3%82%8A%E3%81%99%E3%82%8B.html
46	/grammar_points/%E3%81%A0%E3%81%91?deck_id=1	046-%E3%81%A0%E3%81%91.html
47	/grammar_points/%E3%81%A0%E3%81%A3%E3%81%9F-%E3%81%A7%E3%81%97%E3%81%9F?deck_id=1	047-%E3%81%A0%E3%81%A3%E3%81%9F-%E3%81%A7%E3%81%97%E3%81%9F.html
48	/grammar_points/%E3%81%A0%E3%82%8C?deck_id=1	048-%E3%81%A0%E3%82%8C.html
49	/grammar_points/%E3%81%A0%E3%82%8D%E3%81%86?deck_id=1	049-%E3%81%A0%E3%82%8D%E3%81%86.html
50	/grammar_points/%E3%81%A0?deck_id=1	050-%E3%81%A0.html
51	/grammar_points/%E3%81%A3%E3%81%A6?deck_id=1	051-%E3%81%A3%E3%81%A6.html
52	/grammar_points/%E3%81%A4%E3%82%82%E3%82%8A%E3%81%A0?deck_id=1	052-%E3%81%A4%E3%82%82%E3%82%8A%E3%81%A0.html
53	/grammar_points/%E3%81%A6%E3%81%84%E3%82%8B1?deck_id=1	053-%E3%81%A6%E3%81%84%E3%82%8B1.html
54	/grammar_points/%E3%81%A6%E3%81%84%E3%82%8B2?deck_id=1	054-%E3%81%A6%E3%81%84%E3%82%8B2.html
55	/grammar_points/%E3%81%A6%E3%81%84%E3%82%8B3?deck_id=1	055-%E3%81%A6%E3%81%84%E3%82%8B3.html
56	/grammar_points/%E3%81%A6%E3%81%8B%E3%82%89?deck_id=1	056-%E3%81%A6%E3%81%8B%E3%82%89.html
57	/grammar_points/%E3%81%A6%E3%81%8F%E3%81%A0%E3%81%95%E3%81%84?deck_id=1	057-%E3%81%A6%E3%81%8F%E3%81%A0%E3%81%95%E3%81%84.html
58	/grammar_points/%E3%81%A6%E3%81%AF%E3%81%84%E3%81%91%E3%81%AA%E3%81%84?deck_id=1	058-%E3%81%A6%E3%81%AF%E3%81%84%E3%81%91%E3%81%AA%E3%81%84.html
59	/grammar_points/%E3%81%A6%E3%82%82%E3%81%84%E3%81%84?deck_id=1	059-%E3%81%A6%E3%82%82%E3%81%84%E3%81%84.html
60	/grammar_points/%E3%81%A7%E3%81%97%E3%82%87%E3%81%86?deck_id=1	060-%E3%81%A7%E3%81%97%E3%82%87%E3%81%86.html
61	/grammar_points/%E3%81%A7%E3%81%99?deck_id=1	061-%E3%81%A7%E3%81%99.html
62	/grammar_points/%E3%81%A7-by?deck_id=1	062-%E3%81%A7-by.html
63	/grammar_points/%E3%81%A7?deck_id=1	063-%E3%81%A7.html
64	/grammar_points/%E3%81%A8-and?deck_id=1	064-%E3%81%A8-and.html
65	/grammar_points/%E3%81%A8-with?deck_id=1	065-%E3%81%A8-with.html
66	/grammar_points/%E3%81%A8?deck_id=1	066-%E3%81%A8.html
67	/grammar_points/%E3%81%A9%E3%81%86%E3%81%97%E3%81%A6?deck_id=1	067-%E3%81%A9%E3%81%86%E3%81%97%E3%81%A6.html
68	/grammar_points/%E3%81%A9%E3%81%93?deck_id=1	068-%E3%81%A9%E3%81%93.html
69	/grammar_points/%E3%81%A9%E3%81%AE?deck_id=1	069-%E3%81%A9%E3%81%AE.html
70	/grammar_points/%E3%81%A9%E3%82%8C?deck_id=1	070-%E3%81%A9%E3%82%8C.html
71	/grammar_points/%E3%81%AA%E3%81%84%E3%81%A7%E3%81%8F%E3%81%A0%E3%81%95%E3%81%84?deck_id=1	071-%E3%81%AA%E3%81%84%E3%81%A7%E3%81%8F%E3%81%A0%E3%81%95%E3%81%84.html
72	/grammar_points/%E3%81%AA%E3%81%84%E3%81%BB%E3%81%86%E3%81%8C%E3%81%84%E3%81%84?deck_id=1	072-%E3%81%AA%E3%81%84%E3%81%BB%E3%81%86%E3%81%8C%E3%81%84%E3%81%84.html
73	/grammar_points/%E3%81%AA%E3%81%8F%E3%81%A1%E3%82%83-%E3%81%AA%E3%81%8D%E3%82%83?deck_id=1	073-%E3%81%AA%E3%81%8F%E3%81%A1%E3%82%83-%E3%81%AA%E3%81%8D%E3%82%83.html
74	/grammar_points/%E3%81%AA%E3%81%8F%E3%81%A6%E3%81%AF%E3%81%84%E3%81%91%E3%81%AA%E3%81%84?deck_id=1	074-%E3%81%AA%E3%81%8F%E3%81%A6%E3%81%AF%E3%81%84%E3%81%91%E3%81%AA%E3%81%84.html
75	/grammar_points/%E3%81%AA%E3%81%8F%E3%81%A6%E3%81%AF%E3%81%AA%E3%82%89%E3%81%AA%E3%81%84?deck_id=1	075-%E3%81%AA%E3%81%8F%E3%81%A6%E3%81%AF%E3%81%AA%E3%82%89%E3%81%AA%E3%81%84.html
76	/grammar_points/%E3%81%AA%E3%81%9C?deck_id=1	076-%E3%81%AA%E3%81%9C.html
77	/grammar_points/%E3%81%AA%E3%81%AB%E3%81%8B-%E3%81%AA%E3%81%AB%E3%82%82?deck_id=1	077-%E3%81%AA%E3%81%AB%E3%81%8B-%E3%81%AA%E3%81%AB%E3%82%82.html
78	/grammar_points/%E3%81%AA%E3%82%93%E3%81%A7?deck_id=1	078-%E3%81%AA%E3%82%93%E3%81%A7.html
79	/grammar_points/%E3%81%AA-adjective-noun?deck_id=1	079-%E3%81%AA-adjective-noun.html
80	/grammar_points/%E3%81%AA-adjective-predicate?deck_id=1	080-%E3%81%AA-adjective-predicate.html
81	/grammar_points/%E3%81%AA-adjectives?deck_id=1	081-%E3%81%AA-adjectives.html
82	/grammar_points/%E3%81%AA?deck_id=1	082-%E3%81%AA.html
83	/grammar_points/%E3%81%AB%E3%81%99%E3%82%8B?deck_id=1	083-%E3%81%AB%E3%81%99%E3%82%8B.html
84	/grammar_points/%E3%81%AB%E3%81%AA%E3%82%8B-%E3%81%8F%E3%81%AA%E3%82%8B?deck_id=1	084-%E3%81%AB%E3%81%AA%E3%82%8B-%E3%81%8F%E3%81%AA%E3%82%8B.html
85	/grammar_points/%E3%81%AB?deck_id=1	085-%E3%81%AB.html
86	/grammar_points/%E3%81%AD?deck_id=1	086-%E3%81%AD.html
87	/grammar_points/%E3%81%AE%E3%81%8C%E3%81%98%E3%82%87%E3%81%86%E3%81%9A?deck_id=1	087-%E3%81%AE%E3%81%8C%E3%81%98%E3%82%87%E3%81%86%E3%81%9A.html
88	/grammar_points/%E3%81%AE%E3%81%8C%E3%81%99%E3%81%8D?deck_id=1	088-%E3%81%AE%E3%81%8C%E3%81%99%E3%81%8D.html
89	/grammar_points/%E3%81%AE%E3%81%8C%E3%81%B8%E3%81%9F?deck_id=1	089-%E3%81%AE%E3%81%8C%E3%81%B8%E3%81%9F.html
90	/grammar_points/%E3%81%AE%E3%81%A7?deck_id=1	090-%E3%81%AE%E3%81%A7.html
91	/grammar_points/%E3%81%AE%E3%81%AA%E3%81%8B%E3%81%A7-%E3%81%8C%E3%81%84%E3%81%A1%E3%81%B0%E3%82%93?deck_id=1	091-%E3%81%AE%E3%81%AA%E3%81%8B%E3%81%A7-%E3%81%8C%E3%81%84%E3%81%A1%E3%81%B0%E3%82%93.html
92	/grammar_points/%E3%81%AE%E3%81%AF?deck_id=1	092-%E3%81%AE%E3%81%AF.html
93	/grammar_points/%E3%81%AE-noun-ommission?deck_id=1	093-%E3%81%AE-noun-ommission.html
94	/grammar_points/%E3%81%AE?deck_id=1	094-%E3%81%AE.html
95	/grammar_points/%E3%81%AF?deck_id=1	095-%E3%81%AF.html
96	/grammar_points/%E3%81%B8%E3%81%84%E3%81%8F?deck_id=1	096-%E3%81%B8%E3%81%84%E3%81%8F.html
97	/grammar_points/%E3%81%B8?deck_id=1	097-%E3%81%B8.html
98	/grammar_points/%E3%81%BE%E3%81%88%E3%81%AB?deck_id=1	098-%E3%81%BE%E3%81%88%E3%81%AB.html
99	/grammar_points/%E3%81%BE%E3%81%97%E3%82%87%E3%81%86%E3%81%8B?deck_id=1	099-%E3%81%BE%E3%81%97%E3%82%87%E3%81%86%E3%81%8B.html
100	/grammar_points/%E3%81%BE%E3%81%97%E3%82%87%E3%81%86?deck_id=1	100-%E3%81%BE%E3%81%97%E3%82%87%E3%81%86.html
101	/grammar_points/%E3%81%BE%E3%81%9B%E3%82%93%E3%81%8B?deck_id=1	101-%E3%81%BE%E3%81%9B%E3%82%93%E3%81%8B.html
102	/grammar_points/%E3%81%BE%E3%81%A0-%E3%81%A6%E3%81%84%E3%81%BE%E3%81%9B%E3%82%93?deck_id=1	102-%E3%81%BE%E3%81%A0-%E3%81%A6%E3%81%84%E3%81%BE%E3%81%9B%E3%82%93.html
103	/grammar_points/%E3%81%BE%E3%81%A0?deck_id=1	103-%E3%81%BE%E3%81%A0.html
104	/grammar_points/%E3%82%82%E3%81%86?deck_id=1	104-%E3%82%82%E3%81%86.html
105	/grammar_points/%E3%82%82%E3%82%89%E3%81%86?deck_id=1	105-%E3%82%82%E3%82%89%E3%81%86.html
106	/grammar_points/%E3%82%82?deck_id=1	106-%E3%82%82.html
107	/grammar_points/%E3%82%84?deck_id=1	107-%E3%82%84.html
108	/grammar_points/%E3%82%88%E3%82%8A-%E3%81%AE%E3%81%BB%E3%81%86%E3%81%8C?deck_id=1	108-%E3%82%88%E3%82%8A-%E3%81%AE%E3%81%BB%E3%81%86%E3%81%8C.html
109	/grammar_points/%E3%82%88?deck_id=1	109-%E3%82%88.html
110	/grammar_points/%E3%82%8B-Verbs?deck_id=1	110-%E3%82%8B-Verbs.html
111	/grammar_points/%E3%82%8B-verb-neg-past?deck_id=1	111-%E3%82%8B-verb-neg-past.html
112	/grammar_points/%E3%82%8B-verb-past?deck_id=1	112-%E3%82%8B-verb-past.html
113	/grammar_points/%E3%82%8Bverb-%E3%81%AA%E3%81%84?deck_id=1	113-%E3%82%8Bverb-%E3%81%AA%E3%81%84.html
114	/grammar_points/%E3%82%92?deck_id=1	114-%E3%82%92.html
115	/grammar_points/%E8%AA%B0%E3%81%8B-%E3%81%A9%E3%81%93%E3%81%8B-%E8%AA%B0%E3%82%82-%E3%81%A9%E3%81%93%E3%82%82?deck_id=1	115-%E8%AA%B0%E3%81%8B-%E3%81%A9%E3%81%93%E3%81%8B-%E8%AA%B0%E3%82%82-%E3%81%A9%E3%81%93%E3%82%82.html
116	/grammar_points/-%E3%82%93%E3%81%A7%E3%81%99-%E3%81%AE%E3%81%A7%E3%81%99?deck_id=1	116--%E3%82%93%E3%81%A7%E3%81%99-%E3%81%AE%E3%81%A7%E3%81%99.html
117	/grammar_points/adjective-%E3%81%A6-b?deck_id=1	117-adjective-%E3%81%A6-b.html
118	/grammar_points/adjective-%E3%81%A6-noun-%E3%81%A7?deck_id=1	118-adjective-%E3%81%A6-noun-%E3%81%A7.html
119	/grammar_points/adjective-%E3%81%AE-%E3%81%AF?deck_id=1	119-adjective-%E3%81%AE-%E3%81%AF.html
120	/grammar_points/negative-%E3%81%84-adjectives?deck_id=1	120-negative-%E3%81%84-adjectives.html
121	/grammar_points/noun-%E3%81%BE%E3%81%A7?deck_id=1	121-noun-%E3%81%BE%E3%81%A7.html
122	/grammar_points/past-tense-%E3%81%84-adjectives?deck_id=1	122-past-tense-%E3%81%84-adjectives.html
123	/grammar_points/polite-verb-endings?deck_id=1	123-polite-verb-endings.html
124	/grammar_points/v-%E3%81%BE%E3%81%A7?deck_id=1	124-v-%E3%81%BE%E3%81%A7.html
125	/grammar_points/verb-%E3%81%9F-noun?deck_id=1	125-verb-%E3%81%9F-noun.html
126	/grammar_points/verb-%E3%81%A6%E3%82%82%E3%81%84%E3%81%84?deck_id=1	126-verb-%E3%81%A6%E3%82%82%E3%81%84%E3%81%84.html
127	/grammar_points/verb-%E3%81%A6-b?deck_id=1	127-verb-%E3%81%A6-b.html
128	/grammar_points/verb-%E3%81%A6?deck_id=1	128-verb-%E3%81%A6.html
129	/grammar_points/verb-%E3%81%AB%E3%81%84%E3%81%8F?deck_id=1	129-verb-%E3%81%AB%E3%81%84%E3%81%8F.html
130	/grammar_points/verb-non-past?deck_id=1	130-verb-non-past.html
